App Name,Referal LInk 
"101z,",https://101zvip7.com/?code=398G6QR31H2&t=1762765894
"567 slots,",https://567slots-agent.com/?code=QCGRZE1X384&t=1762765939
"777 game,",https://www.777game3.com/?code=H533LN3EDLK&t=1762765975
"789 jackpot,",https://789jackpots.in/?code=J7ZEWQ1B6K7&t=1762766006
"ABC rummy,",https://www.abcrummy00.com/?code=75CZ3W6XRS2&t=1762766047
"Bingo 101,",https://bingo101o.com/?code=6YFKCFSDE54&t=1762766087
"bet 213,",https://bet213app.com/?code=2QTNS6S3413&t=1762766145
"club inr,",http://clubinr5.xyz/?code=9VCSD2M3Z4H&t=1762766169
"game rummy,",https://gamerummyv.com/?code=Q6W7BP9BJD1&t=1762766209
"gogo rummy,",https://www.gogorummy24.com/?code=8FWZFF49QPY&t=1762766306
"hi rummy,",https://www.hirummyagent.info/?code=RX3MR41U5M5&t=1762766384
"hind 777,",https://www.hindi777agent.org/?code=7LFBLSFJJBU&t=1762766430
"ind rummy,",https://indrummybet6.net/?code=JQ7J9ZNA1ZK&t=1762766474
"ind slots,",indslots6.com/?code=T2QC941Q34D&t=1762766789
"jai ho 777,",https://www.jaiho777.asia/?code=GC2JV3X582C&t=1762766868
"jaiho rummy,",https://jaihorummybonus.com/?code=E74RKZ1F7DQ&t=1762766905
"jaiho slots,",https://www.jaihoslots27.com/?code=EGPM1EU4BQL&t=1762766956
"jaiho spin,",https://jaihospin16.com/?code=7TAD59PZY4X&t=1762767001
"jaiho win,",https://www.jaihowin18.com/?code=1XNYJRFGULC&t=1762767036
"love rummy,",https://www.9loverummy.com/?code=AFCVPC486UY&t=1762767073
"maha games,",https://mahagames.space/?code=J24AMNH9RMH&t=1762767111
"neta vip,",https://www.neta1.vip/?code=DR02E6V8X9T&t=1762767216
"ok rummy,",https://www.okrummy13.com/?code=H2G7UGT9MVG&t=1762767251
"rumble rummy,",https://www.rumblerummy2.vip/?code=UC0NL5BWPSP&t=1762767286
"rummy 91,",https://www.rummy91q.bet/?code=4KTY3QB24FB&t=1762767336
"saga slots,",https://www.sagaslots6.com/?code=0QH1662RD6Y&t=1762767377
"share slots,",https://share0055.com/?code=YAZ44QWT8GD&t=1762767418
"slots spin,",https://slotsspink.com/?code=XJBP3JPJZSJ&t=1762767460
"slots winner,",https://slotwinner.app/?code=K4E9BQRLQ5Z&t=1762767522
"spin 101,",https://spin101.net/?code=P4CL2CP15S3&t=1762767551
"spin crush,",https://2shisgjsqawwhsagui7c.Safelyearnmillionsbysharingonepersonaqfxzqyfw.com/?code=BHFVJQD59M8&t=1762767583
"spin gold,",https://spingoldappagents.com/?code=HLTHBSSGDPK&t=1762767625
"spin winner,",https://spinwinner27.com/?code=SDN5U16BVJS&t=1762767660
"spin 777,",spin777l.com/?code=YLW3FVHFXL9&t=1762767701
"yes spin,",https://www.yesspin22.com/?code=8FWZUM1L3WW&t=1762767738
"yono arcade,",https://uonoarcadeapp3.com/?code=96LC9ZPWY4N&t=1762767765
"yono games,",https://yonobonus.com/?code=GK1NJX4KAZ5&t=1762767799
"yono rummy,",https://yonorummymm.com/?code=VIPYE23CBYW&t=1762767839
"yono slots,",https://www.yonoslotsz.com/?code=V91FHG9PZSQ&t=1762767897
"yono vip,",https://yonovipt.com/?code=3CRP1U1PMPQ&t=1762766684
yon 777,https://referyono777.vip/?code=1JF3W2FT7AQ&t=1762767929
Mbm bet ,https://www.mbmbet8.com/?code=UPHZFM8AB5D&t=1762767168